question_id,question,answer_a,answer_b,answer_c,answer_d,correct,explanation_correct
MKC001,"What does the term ""malware"" refer to?",Software designed to harm computer systems,Programming tools for software development,Physical parts inside computer hardware,Programs protecting systems from attacks,A,"That's right! Malware is short for malicious software, which is specifically designed to harm, exploit, or otherwise compromise computer systems, networks, or data."
MKC002,What is the primary goal of Cyber Security?,Making network connections run faster,Protect data confidentiality and availability,Restricting all user access to computers,Blocking every internet connection completely,B,"That's right! The primary goal of cyber security is to protect the CIA triad - Confidentiality, Integrity, and Availability of information and systems from threats and unauthorized access."
MKC003,What is the most common method used by hackers to steal sensitive information?,Sending deceptive phishing emails to users,Creating blogs and websites for information,Using VPN services to hide their location,Encrypting files to protect data from theft,A,"That's right! Phishing emails are the most common attack vector, accounting for the majority of successful data breaches as they exploit human psychology rather than technical vulnerabilities."
MKC004,What is a phishing attack?,Installing malware inside aquarium equipment,Fake emails tricking users into sharing data,Methods designed to improve network speeds,Regular antivirus software updates and scans,B,"That's right! Phishing is a social engineering attack where attackers impersonate legitimate entities to trick victims into disclosing sensitive information like passwords, credit card numbers, or personal data."
MKC005,What does DDOS stand for?,Double Denial of Service,Distributed Denial of Service,Data Denial on Servers,Domain Denial of Security,B,"That's right! DDOS stands for Distributed Denial of Service, where multiple compromised systems are used to flood a target with traffic, making it unavailable to legitimate users."
MKC006,What is ransomware?,Programs that remove viruses from computers,Malware demanding payment to unlock your data,Antivirus software protecting against threats,Tools monitoring network traffic for problems,B,"That's right! Ransomware is malicious software that encrypts a victim's files or locks their system, then demands a ransom payment (often in cryptocurrency) to restore access."
MKC007,What is the main goal of a brute-force attack?,Breaking computer hardware through physical force,Trying many password combinations until correct,Permanently deleting files from storage systems,Installing protective antivirus software programs,B,"That's right! A brute-force attack systematically tries all possible password combinations until the correct one is found, relying on computational power rather than exploiting vulnerabilities."
MKC008,What is an antivirus program?,Software that stops all system updates,A program that finds and removes malware,Hardware device for security protection,A tool for deleting temporary files,B,"That's right! Antivirus software is designed to detect, prevent, and remove malicious software by scanning files, monitoring system behavior, and maintaining databases of known threats."
MKC009,What is the role of a firewall?,Cooling down computers when they overheat,Blocking unauthorised access to networks,Storing backup copies of important data,Encrypting all sensitive information,B,"That's right! A firewall acts as a barrier between trusted internal networks and untrusted external networks, filtering traffic based on predetermined security rules to block unauthorized access."
MKC010,Which of these is a strong password?,Password123,A1B2C3D4E5,@8G$rXl1@Q2,UserPassworD,C,"That's right! @8G$rXl1@Q2 is a strong password because it combines uppercase and lowercase letters, numbers, and special characters in a non-predictable pattern, making it resistant to brute-force attacks."
MKC011,What does encryption do?,Making file transfers happen much faster,Converting data into unreadable coded format,Permanently deleting sensitive files from systems,Storing all data securely in cloud services,B,"That's right! Encryption converts data into an unreadable format (ciphertext) using algorithms and keys, ensuring only authorized parties with the correct decryption key can access the original information."
MKC012,What is two-factor authentication (2FA)?,A method for encrypting data twice,Security requiring two forms of ID,A way to boost internet speeds,Backup recovery procedures,B,That's right! Two-factor authentication adds an extra layer of security by requiring two different forms of verification - typically something you know (password) and something you have (phone code) or are (biometric).
MKC013,"What does the principle of ""least privilege"" mean?",Giving every user maximum system access,Users get only required access for their role,Blocking access completely for all users,Sharing passwords among all team members,B,"That's right! The principle of least privilege means users should only have the minimum access rights necessary to perform their job functions, reducing the potential impact of compromised accounts or insider threats."
MKC014,What should you do if you receive a suspicious email?,Open attachments to verify what they contain,Delete it immediately without opening anything,Reply asking them to clarify their identity,Forward it to friends so they can check it,B,"That's right! Suspicious emails should be deleted immediately without opening attachments or clicking links, as they may contain malware or be phishing attempts designed to compromise your system or steal information."
MKC015,What is a secure way to access a public Wi-Fi network?,Use a VPN,Disable antivirus,Turn off security,Visit HTTP sites,A,"That's right! A VPN creates an encrypted tunnel for your internet traffic, protecting your data from interception on unsecured public Wi-Fi networks where attackers may be monitoring communications."
MKC016,What is the role of an ethical hacker?,Creating malware specifically for testing systems,Finding security flaws with proper permission,Monitoring internet speeds for organizations,Blocking legitimate traffic on networks,B,"That's right! Ethical hackers, also known as penetration testers or white hat hackers, are authorized security professionals who use hacking techniques to identify and report vulnerabilities before malicious actors can exploit them."
MKC017,What is a security breach?,Unauthorised access to sensitive information,Upgrading firewall settings for protection,Changing all user passwords regularly,Installing new antivirus software,A,"That's right! A security breach occurs when unauthorized individuals gain access to systems, networks, or data, potentially resulting in theft, exposure, or compromise of sensitive information."
MKC018,What is a cybersecurity incident?,An event affecting data security,Routine system updates,Forgotten passwords,Slow connections,A,"That's right! A cybersecurity incident is any event that compromises the CIA triad - affecting confidentiality (data exposure), integrity (data alteration), or availability (system disruption) of information or systems."
MKC019,What is social engineering?,Building professional networks between people,Manipulating people to reveal information,Designing secure software applications,Training employees on security procedures,B,"That's right! Social engineering is a manipulation technique that exploits human psychology to trick people into revealing confidential information, making security mistakes, or granting unauthorized access to systems or facilities."
MKC020,What is a backup in cybersecurity?,Duplicate copy of data,Extra computer,Second internet,Additional firewall,A,"That's right! A backup is a duplicate copy of data stored separately from the original, providing recovery options in case of data loss, corruption, ransomware attacks, or system failures."
MKC021,What does the term zero-day vulnerability refer to?,Security flaw that was fixed yesterday,Unknown flaw with no available patch,Vulnerability discovered many years ago,Flaw found only in outdated software,B,"That's right! A zero-day vulnerability is a previously unknown security flaw that has no available patch or fix, leaving systems vulnerable until the software vendor develops and releases an update."
MKC022,What is the purpose of a Virtual Private Network (VPN)?,Blocking malware on computers,Hiding your IP and encrypting traffic,Disabling firewall protection,Creating data backups,B,"That's right! A VPN's primary purposes are to hide your IP address (providing anonymity) and encrypt your internet traffic (providing security), protecting your online privacy and data from interception."
MKC023,What is a secure protocol for transferring data over the internet?,HTTP,HTTPS,FTP,POP3,B,"That's right! HTTPS (Hypertext Transfer Protocol Secure) encrypts data in transit using SSL/TLS protocols, protecting information from interception during transmission between web browsers and servers."
MKC024,What is an Incident Response Plan (IRP)?,Creating backup procedures,Instructions for managing security incidents,Writing strong passwords,Software update checklists,B,"That's right! An Incident Response Plan is a documented strategy that outlines procedures for detecting, responding to, containing, and recovering from cybersecurity incidents to minimize damage and restore normal operations."
MKC025,What is penetration testing?,Testing software for programming bugs,Simulating attacks to find security flaws,Training employees on security awareness,Scanning networks for virus infections,B,"That's right! Penetration testing involves authorized security professionals simulating real-world cyberattacks to identify vulnerabilities, weaknesses, and security gaps before malicious hackers can exploit them."
MKC026,What is spyware?,Software secretly monitoring user activity,Programs blocking spam emails,Methods encrypting sensitive files,Tools managing passwords,A,"That's right! Spyware is malicious software that secretly monitors and collects user information such as browsing habits, keystrokes, and personal data without the user's knowledge or consent."
MKC027,Which of the following is an example of a strong phishing indicator?,Email from a legitimate company address,Requests for personal information via email,Properly spelled email signature,Secure HTTPS link,B,"That's right! Legitimate organizations never request sensitive personal information via email. This is a major red flag indicating a phishing attempt, as attackers use this tactic to steal credentials and personal data."
MKC028,What is SQL Injection?,A method to secure databases,A tool for writing SQL,An attack exploiting SQL flaws,Software updating databases,C,"That's right! SQL Injection is a code injection attack that exploits vulnerabilities in database-driven applications by inserting malicious SQL statements, allowing attackers to view, modify, or delete database contents."
MKC029,What is keylogging?,Monitoring network traffic,Logging into accounts,Encrypting files,Recording keystrokes,D,"That's right! Keylogging involves recording every keystroke made on a computer, allowing attackers to capture sensitive information like passwords, credit card numbers, and confidential messages without the user's knowledge."
MKC030,What is the purpose of a security patch?,Fixing vulnerabilities in software,Updating antivirus definitions,Resetting user passwords,Upgrading hardware,A,"That's right! Security patches are software updates released by vendors to fix identified vulnerabilities and security flaws, preventing attackers from exploiting these weaknesses to compromise systems."
MKC031,What should you do before clicking a link in an email?,Save it for later,Click to verify,Forward to IT,Check sender and URL,D,"That's right! Before clicking any link, you should verify the sender's authenticity and hover over the link to inspect the actual URL destination, as phishing emails often use misleading links to direct victims to malicious websites."
MKC032,What is the purpose of a security badge or access card?,Identifying users in the organization,Monitoring all network traffic,Managing user passwords,Controlling physical access to areas,D,"That's right! Security badges and access cards control physical access to secure areas by authenticating authorized personnel, ensuring only approved individuals can enter restricted facilities or rooms."
MKC033,What is the best way to dispose of sensitive documents?,Recycle them,Give to employees,Save digitally,Shred them,D,"That's right! Shredding sensitive documents ensures they cannot be reconstructed or read by unauthorized individuals, preventing information leakage through improper disposal or dumpster diving attacks."
MKC034,What is the most effective way to prevent cyber security threats?,Installing antivirus and firewalls only,Avoiding all software updates completely,Backing up all data every single day,Educating employees and users about risks,D,"That's right! While technical controls are important, human error is the leading cause of security breaches. Education and awareness training are the most effective defenses, as informed users can recognize and avoid threats."
MKC035,What should you do if you suspect a security incident?,Ignore it,Disconnect systems,Fix it yourself,Report to IT team,D,"That's right! Suspected security incidents should be immediately reported to the appropriate IT or security team who have the expertise and authority to investigate, contain, and remediate the threat properly."
MKC036,Why is Cyber Security important?,Enhance gaming,Restrict internet,Increase speed,Protect data,D,"That's right! Cyber security is crucial for protecting sensitive data, maintaining business operations, ensuring privacy, and preventing financial and reputational damage from unauthorized access, theft, or malicious attacks."
MKC037,What is a Firewall and what are the benefits of one?,Physical barrier stopping all data loss,Backup system for power outages,Tool boosting network speeds,Device controlling network traffic,D,"That's right! A firewall is a network security device that monitors and filters traffic based on security rules, acting as a barrier to block unauthorized access while allowing legitimate communication to pass through."
MKC038,What is Data Leakage?,Water leaking into servers,Slow internet connection,Unauthorised data transmission,Power loss in devices,C,"That's right! Data leakage occurs when sensitive information is accidentally or maliciously transmitted, exposed, or disclosed to unauthorized parties, potentially through email errors, misconfigurations, or insider threats."
MKC039,What is a DDOS attack?,Multiple systems overwhelming a target,Single computer hacking databases,Phishing methods extracting credentials,Strategy improving website speed,A,"That's right! A DDOS attack uses multiple compromised systems (often a botnet) to flood a target with overwhelming traffic, exhausting resources and making services unavailable to legitimate users."
MKC040,"When creating an Incident Response Plan (IRP), what should you include?",Detailed steps for server maintenance,Random troubleshooting checklist,Procedures for managing security incidents,Contact list for non-urgent matters,C,"That's right! An effective IRP must include clear procedures for the entire incident lifecycle: identification, containment, mitigation, eradication, recovery, and post-incident analysis to ensure organized and effective response."
