question_id,unit,question,answer_a,answer_b,answer_c,answer_d,correct,explanation_correct,hint
U5Q001,5,"What is the primary goal of GDPR?","Strengthen data protection for individuals","Complicate business operations and create unnecessary administrative burdens","Reduce security standards and weaken protections significantly","Eliminate privacy rights and allow unrestricted data access",A,"That's right! The General Data Protection Regulation (GDPR) is a Europe-wide regulation designed to strengthen and unify data protection for all individuals, giving people control over their personal data.","Think about protecting people's personal information."
U5Q002,5,"What is the UK's version of GDPR called?","GDPR only","UK GDPR","British Data Protection Act","Privacy Law",B,"That's right! The UK GDPR is the United Kingdom's version of the General Data Protection Regulation, brought into domestic law post-Brexit to continue protecting personal data.","Consider the UK's post-Brexit data protection law."
U5Q003,5,"What two types of measures must organizations implement under GDPR?","Only technical security measures like firewalls and encryption systems","Only organizational policies, procedures, and training programs","Technical and organizational measures","Neither type of measure",C,"That's right! GDPR requires organizations to implement both technical measures (such as firewalls, encryption) and organizational measures (such as policies, procedures, training) to protect personal data.","Think about technology and processes together."
U5Q004,5,"What is the role of the Data Protection Act 2018?","Replace GDPR completely and supersede all European regulations","Contradict GDPR regulations and create conflicting requirements","Ignore all privacy concerns and eliminate data protections","Work with GDPR to safeguard information",D,"That's right! The Data Protection Act 2018 works alongside the GDPR to provide a comprehensive framework for safeguarding all personal or sensitive information held about individuals in the UK.","Consider how UK law complements EU regulation."
U5Q005,5,"According to the DPA, how long should customer data be kept?","Not longer than necessary","Forever without any limits or restrictions whatsoever","One day maximum before mandatory deletion","Deleted immediately upon collection",A,"That's right! The DPA states data must not be kept longer than necessary, meaning it would be wrong to keep information about past customers for more than a few years at most.","Think about data minimization and retention limits."
U5Q006,5,"What specific offence is in section 170 of the Data Protection Act 2018?","Encryption methods and cryptographic techniques for securing data","Obtaining personal data without consent","Backing up data regularly and maintaining recovery systems","Creating strong passwords and implementing access controls",B,"That's right! Section 170 specifically criminalizes knowingly or recklessly obtaining or disclosing personal data without proper consent or authorization, with penalties for violations.","Consider unauthorized data access or sharing."
U5Q007,5,"How does NIS differ from GDPR?","No difference at all between the two regulations","GDPR: personal data; NIS: systems","They're completely identical in scope and requirements","NIS is exclusively about personal data protection only",B,"That's right! While GDPR focuses on the security of personal data, the NIS (Network and Information Systems) regulations are concerned with the security of information systems themselves.","Think about data vs infrastructure protection."
U5Q008,5,"What is the maximum fine for NIS non-compliance?","No fines at all for any violations","£100 maximum penalty","Up to £17 million","£1000 only",C,"That's right! Under the NIS regulations, failure to meet security requirements can result in fines up to a maximum of £17 million for serious violations.","Consider substantial regulatory penalties."
U5Q009,5,"What UK body publishes guidance for NIS compliance?","None exists to provide guidance","Local government councils and regional authorities","Private consulting companies and commercial organizations","National Cyber Security Centre",D,"That's right! The National Cyber Security Centre (NCSC), part of GCHQ, publishes official guidance and best practices for organizations to comply with NIS regulations.","Think about the UK's cyber security authority."
U5Q010,5,"What does the Computer Misuse Act 1990 make illegal?","Legal access to authorized systems and networks","Regular computing activities and normal operations","Authorized use with proper permissions only","Accessing data without consent",D,"That's right! The Computer Misuse Act makes it a criminal offense to access or modify data stored on computer systems without appropriate consent or permission from the system owner.","Consider unauthorized computer access."
U5Q011,5,"What does unauthorised access to computer material refer to?","Entering a system without permission","Legal authorized use with proper credentials and permissions","Regular login procedures following standard protocols","Authorized access with explicit permission granted",A,"That's right! Under the Computer Misuse Act, unauthorised access to computer material refers to entering a computer system without permission, commonly known as hacking.","Think about illegal system entry."
U5Q012,5,"What does unauthorised modification of data cover?","Legal changes with proper authorization and approval","Modifying data or introducing malware","Authorized updates following change management procedures","Regular system maintenance with documented approval",B,"That's right! This offense covers illegally modifying or deleting data, as well as introducing malware or spyware onto computer systems without authorization.","Consider illegal data changes and malware."
U5Q013,5,"What is the lowest penalty for unauthorised computer access?","No penalty whatsoever for first offenses","Warning only with no legal consequences","Up to two years prison and £5000 fine","Life imprisonment for any violation",C,"That's right! The minimum penalty under the Computer Misuse Act for simple unauthorised access to a computer is up to two years in prison and a fine of up to £5000.","Think about basic hacking penalties."
U5Q014,5,"What is the maximum penalty if unauthorised access causes serious harm?","Small fine only without any prison sentence","One year prison maximum sentence","Warning only with community service","Up to life imprisonment",D,"That's right! If unauthorised access under the Computer Misuse Act causes harm to human welfare, national security, or the economy, the sentence could be up to life imprisonment.","Consider the most serious cyber crimes."
U5Q015,5,"What is the primary purpose of the Official Secrets Acts 1989?","Protect UK against espionage","Public disclosure encouragement and transparency promotion","Share government secrets publicly with citizens","Eliminate all government secrecy and classification",A,"That's right! The Official Secrets Acts are legal documents designed to protect the United Kingdom against espionage and the unauthorized leaking of sensitive government information.","Think about protecting state secrets."
U5Q016,5,"What category of OSA protects information about armed forces?","Finance, budgets, and economic planning","Defence and military","Entertainment, media, and cultural activities","Sports, recreation, and public events",B,"That's right! The Defence category under the Official Secrets Acts makes it a criminal offense to release information that could damage the UK's armed forces or military capabilities.","Consider military and defense information."
U5Q017,5,"What category of OSA protects information endangering UK interests abroad?","Domestic policy and internal affairs only","Local news reporting and community journalism","International relations and diplomacy","Public events and celebrations",C,"That's right! The International Relations category makes it an offense to release information that could endanger UK interests, citizens, or diplomatic relations abroad.","Think about foreign affairs and diplomacy."
U5Q018,5,"What does the Communications Act 2003 piggybacking ban make illegal?","Buying WiFi services from legitimate providers","Using your own WiFi network at home or work","Public WiFi use in cafes and libraries","Accessing unpaid WiFi without permission",D,"That's right! The piggybacking ban makes it illegal to access and use Wi-Fi that you did not pay for, unless it has been explicitly made publicly available by the owner.","Consider unauthorized WiFi use."
U5Q019,5,"What does Section 127 of the Communications Act cover?","Posting offensive, obscene content","Private messages sent between individuals only","Polite content and respectful communication only","Legal speech protected under freedom of expression",A,"That's right! Section 127 categorizes social media as public electronic communications networks, allowing prosecution for sending or posting grossly offensive, indecent, obscene, or menacing content.","Think about illegal online communications."
U5Q020,5,"What is the primary aim of PACE 1984?","Increase police powers without any restrictions or oversight","Balance police powers with public rights","Eliminate all citizen rights and civil liberties","Remove all restrictions on law enforcement activities",B,"That's right! The Police and Criminal Evidence Act 1984 aims to balance the powers of the police with the rights and freedoms of the public in England and Wales.","Consider fair policing and citizen rights."
U5Q021,5,"What does PACE require for accessing electronic devices?","Nothing required for police access","Permission or valid reason under law","No restrictions on police searches","Unlimited access at any time",B,"That's right! PACE requires that police must have permission from the owner or a valid reason under the law (such as a warrant) before accessing, viewing, or searching electronic devices.","Think about lawful search requirements."
U5Q022,5,"What are intellectual property rights?","Physical property and tangible goods only","Tangible goods that can be physically possessed","Legal protection for creations","Real estate and land ownership",C,"That's right! Intellectual property rights are legal protections for intangible creations of the human intellect, including inventions, artistic works, designs, symbols, names, and images.","Consider protecting ideas and creativity."
U5Q023,5,"What does copyright protect?","Physical objects and manufactured goods","Chemical formulas and molecular structures","Original creative works","Manufacturing processes and industrial methods",C,"That's right! Copyright protects original creative works like books, music, films, software, and artistic works, giving creators exclusive rights to use and distribute their creations.","Think about artistic and literary protection."
U5Q024,5,"What protection does a patent provide?","Artistic expression and creative performances","Literary works and written publications","Manufacturing processes and industrial techniques","Inventions and processes",D,"That's right! Patents provide legal protection for new inventions, products, or processes, preventing others from making, using, or selling the invention without permission for a set period.","Consider protecting new inventions."
U5Q025,5,"What is Net Neutrality?","Censoring content based on political or commercial interests","Equal treatment of all internet traffic","Blocking websites that compete with ISP services","Prioritizing certain data for commercial advantage",B,"That's right! Net Neutrality is the principle that Internet Service Providers (ISPs) must treat all internet traffic equally, without discriminating or charging differently based on content, user, or platform.","Think about equal internet access."
U5Q026,5,"What practice violates Net Neutrality?","Equal access for all users and services","Throttling competitors' services","Fair treatment of all internet traffic","Uniform speeds regardless of content",B,"That's right! Throttling (deliberately slowing down) access to competitors' services while providing fast access to preferred partners violates the principle of Net Neutrality.","Consider unfair traffic discrimination."
U5Q027,5,"What is the main privacy concern with ISP data collection?","No concerns about ISP data practices","ISPs can track and sell browsing history","Enhanced security through monitoring","Better service quality",B,"That's right! ISPs can collect, track, and potentially sell detailed information about users' browsing history, online activities, and personal data, raising significant privacy concerns.","Think about online activity monitoring."
U5Q028,5,"What does UK law require regarding data usage transparency?","Nothing required from organizations","Clear communication about data use","Companies can hide everything from users","No disclosure needed about data practices",B,"That's right! UK law requires organizations to clearly communicate to users what data they collect and how they use it, providing transparency in data processing activities.","Consider informed consent requirements."
U5Q029,5,"What is the 'right to be forgotten'?","No such right exists in data protection","Cannot be enforced under any circumstances","Requesting removal of personal data","Permanent data retention requirement",C,"That's right! The right to be forgotten allows individuals to request that companies and search engines remove their personal data or information from the internet under certain circumstances.","Think about data erasure rights."
U5Q030,5,"What restriction can governments impose on internet content?","No restrictions allowed on internet content","Complete freedom without any government oversight","Censorship blocking access to sites","Unlimited access guaranteed by law",C,"That's right! Governments can impose censorship by blocking or restricting access to certain websites or content, raising concerns about freedom of expression and information access.","Consider government content control."
U5Q031,5,"What is Zero Rating?","Free internet always without any conditions","Expensive internet with premium pricing","No internet access available","Providing free internet under conditions",D,"That's right! Zero Rating is the practice of providing free internet access under certain conditions, such as excluding access to certain websites or subsidizing the service with advertising.","Think about conditional free internet access."
U5Q032,5,"What is ISO?","A computer virus or malware","A private for-profit company","A government regulatory agency","Independent organization developing standards",D,"That's right! The International Organization for Standardization (ISO) is an independent, non-governmental body that develops standards to ensure the quality, safety, and efficiency of products, services, and systems worldwide.","Consider international quality standards."
U5Q033,5,"Which ISO series applies to the security industry?","ISO/IEC 27000 series","9000 series for quality management","14000 series for environmental management","45000 series for occupational health and safety",A,"That's right! The ISO/IEC 27000 series is specifically designed for the security industry, providing comprehensive standards for information security management.","Think about information security standards."
U5Q034,5,"What is an Information Security Management System (ISMS)?","Just software programs and applications","Hardware components only","A single firewall system","Policies, procedures, controls for risk management",D,"That's right! An ISMS is a comprehensive set of policies and procedures, including all legal, physical, and technical controls, involved in an organization's information risk management processes.","Consider a complete security management framework."
U5Q035,5,"Which ISO standard details requirements for establishing an ISMS?","ISO 9001 for quality management systems","ISO 14001 for environmental management systems","ISO 45001 for occupational health and safety","ISO/IEC 27001",D,"That's right! ISO/IEC 27001 specifically details the requirements for establishing, implementing, maintaining, and continuously improving an Information Security Management System.","Think about the core ISMS standard."
U5Q036,5,"What risks must ISO 27001 address?","No risks need to be addressed","All risks equally without prioritization","Only minor risks that have low impact","Unacceptable risks through controls",D,"That's right! ISO 27001 requires organizations to design and implement security controls specifically to address unacceptable risks identified through risk assessment processes.","Consider risk-based security approach."
U5Q037,5,"How does ISO 27032 complement ISO 27001?","27001: all security; 27032: cybersecurity","It replaces ISO 27001 completely","They're identical in scope and requirements","No relationship between the two standards",A,"That's right! While ISO 27001 covers all aspects of information security management, ISO 27032 focuses specifically on cybersecurity guidelines for information systems and networks.","Think about general vs specific security standards."
U5Q038,5,"Which ISO standard provides detailed overview of security controls?","ISO 27001 requirements for management systems","ISO/IEC 27002","ISO 9001 quality management guidelines","ISO 14001 environmental management practices",B,"That's right! ISO/IEC 27002 provides a detailed overview and guidance on information security controls to help organizations develop and implement an effective ISMS.","Consider the control implementation guide."
U5Q039,5,"Which ISO standard describes information security risk assessment?","ISO 27001 management system requirements","ISO 27002 control implementation guidelines","ISO/IEC 27005","ISO 9001 quality management principles",C,"That's right! ISO/IEC 27005 provides guidelines on how to conduct information security risk assessments in line with ISO 27001 requirements.","Think about risk assessment methodology."
U5Q040,5,"Which ISO standard covers privacy management and GDPR compliance?","ISO 27001 only without any privacy extensions","ISO 27002 control guidelines for security only","ISO/IEC 27701","ISO 9001 quality management for processes",C,"That's right! ISO/IEC 27701 extends an ISMS to cover privacy management, helping organizations comply with regulations like GDPR through structured privacy controls.","Consider privacy-specific extension."
U5Q041,5,"Which ISO standard provides a business continuity management framework?","ISO 27001 information security management","ISO 9001 quality management systems","ISO 14001 environmental management systems","ISO 22301",D,"That's right! ISO 22301 provides a comprehensive framework for establishing and maintaining a business continuity management system to ensure organizational resilience.","Think about disaster recovery and continuity."
U5Q042,5,"Which ISO family provides risk management principles?","9000 family for quality management","27000 family for information security","14000 family for environmental management","31000",D,"That's right! The ISO 31000 family of standards provides comprehensive principles and guidelines on managing various types of risks faced by organizations.","Consider general risk management framework."
U5Q043,5,"How can ISO 27001 certification help after a data breach?","Demonstrates organization did everything possible","It can't help at all in any way","Prevents prosecution entirely and guarantees immunity","Guarantees no liability under any circumstances",A,"That's right! ISO 27001 certification can be used to demonstrate to regulators that the organization had implemented appropriate controls and done everything reasonably possible to prevent and recover from attacks.","Think about demonstrating due diligence."
U5Q044,5,"What does ethics mean in a professional context?","Personal opinions and individual beliefs only","Standards of behaviour based on right or wrong","Legal requirements and mandatory regulations only","Company rules and organizational policies",B,"That's right! Ethics in a professional context refers to standards of behaviour based on shared understanding or agreement of what constitutes 'right' or 'wrong' conduct in professional settings.","Consider moral principles in work."
U5Q045,5,"What ethical duty requires protecting private information?","No duties exist regarding information protection","Sharing everything publicly for transparency","Public disclosure required by professional standards","Maintaining confidentiality of private information",D,"That's right! Cybersecurity professionals have an ethical duty to maintain confidentiality by protecting personal, private, or proprietary information from unauthorized access or disclosure.","Think about respecting privacy and secrets."
U5Q046,5,"Why is not following security procedures an ethical lapse?","Signals procedures aren't important","It's not a problem at all","It's acceptable behavior in some circumstances","No impact on organizational culture",A,"That's right! Failing to strictly follow security procedures sends the message that the procedures are not important and undermines the entire security culture of the organization.","Consider leading by example."
U5Q047,5,"What is the security specialist's ethical responsibility?","None at all regarding security","Promote security and encourage practices","Ignore security issues that arise","Hide problems from management",B,"That's right! Security specialists have an ethical responsibility to actively promote information security and encourage good security practices among everyone in the organization.","Think about being a security advocate."
U5Q048,5,"What is a conflict of interest?","Agreement and consensus among stakeholders","Fair dealing practices that benefit everyone","A situation benefiting yourself personally","Ethical behaviour and proper conduct",C,"That's right! A conflict of interest occurs when a person has the knowledge or power to make or influence decisions in ways that benefit themselves personally rather than the organization.","Consider divided loyalties."
U5Q049,5,"What is self-dealing?","Fair practice following ethical guidelines","Ethical behavior that serves organizational interests","Using position to secure personal benefits","Proper conduct with full transparency",C,"That's right! Self-dealing is a conflict of interest where someone, such as a network administrator, uses their position to secure contracts or benefits for a company they have ownership in.","Think about personal financial conflicts."
U5Q050,5,"What is moonlighting in a professional context?","Working at night legally with employer permission","Extra shifts authorized by management","Authorized consulting work with proper approval","Using employer's information for side business",D,"That's right! Moonlighting refers to unethically using an employer's proprietary information, time, or resources to help run a personal side business without permission.","Consider misusing company resources for personal gain."
